customer_id,churn
05121367-1550-42e8-b235-9c364b8669eb,0
7e00dad8-d90f-4240-993b-0c5df488a4c5,0
b322fda9-8d7c-4816-9382-f3573d7f3a21,0
ddc1242e-35b0-49c5-a6fd-df0607ef3d09,0
dfe60903-5555-42fb-92f8-f5972c4d2878,0
aa59d121-6d75-42dd-b19a-79aa50a2c797,1
b1b3cadc-aa95-4aba-aacc-3590515548df,0
89f6bafd-f77f-4861-9f75-94ab2c7e4a47,1
21578c8e-1c43-4227-8dcd-a0b91f7209ed,1
0175bdd3-28b0-4265-9ca5-2d4249b98e20,0
cbbb90bd-49f2-4b6d-8be6-76b0a42b1a8b,1
d71be7bb-5799-4e59-b9e3-e271be6ac99d,1
e859c1de-f988-4b7e-b57f-393f17eed147,1
e9f31d1b-d654-4b47-9ce2-0221c4b722b9,1
2400783f-d631-4c1e-bce8-86ecef107b48,0
457573bb-97f2-4ff6-a607-e8ffcfd24111,1
31493d19-037a-4a48-900b-ee685873409a,1
2a78a992-549c-4394-b03b-c96f15e38e60,0
a04ac4cf-a08b-42ee-9276-56e9ded51db9,1
3ca3e5a4-e58c-4a60-96fd-ef1deab604f3,0
a7b089a0-f6fa-4e8c-98ea-5becc9b3eab3,0
b493cd49-b6f1-4158-9383-970e1e9c0f53,0
baafea5c-7bf1-465d-9358-02b7ef4a4fc2,0
ebadeaa4-603c-4f86-b0e4-d5378e44b270,1
52180c52-767d-432f-9eb8-70d09d7bf962,0
2eeb0d4f-a732-47c2-85fd-bcf9d46e6dcd,1
ca6d54d6-3105-4507-a8c8-c57e764be3b9,0
a3aa2e81-113d-4664-97b9-7fc1cb8c7979,1
721bf95d-c9ed-4f14-a8da-52ddae8ec6d6,1
cdb840de-5d6a-4fd2-b09b-73fe203cdc5a,1
a3e9784e-5670-44e3-acaf-92ee9a8958f8,0
6257c6c2-0601-4831-8eed-4e0b51c8b672,0
fee40ec7-3b2c-42ae-a55a-f94393935270,1
8d02942d-232c-427a-a757-bee26bf81954,1
95ff6556-d27a-4c1d-b9e7-a1a816099f2e,0
018c900f-a4a9-46e0-b76f-8de540bc2433,0
7302bca3-d8c7-4c20-8bfc-8e9e163fa386,0
3cb0fea8-d5b2-48d4-b423-1776a436ca29,0
7eaed96a-43a2-4ec4-9899-65f0021750c9,0
5774abb6-0e16-4154-8f6f-1e31a47db181,0
633a3dd1-24c7-4e89-a90d-acb9999a2346,1
ac6c0df8-ae53-48f2-829c-3ccb753036df,1
de38170a-abb3-4c08-8c0d-bfce12fae581,0
da44dc04-2d33-45d0-a9f4-5a9a9cb638f1,1
0efe8ca4-fdc7-4645-b4a0-0bcced2850fe,0
0c67d024-a3a4-476c-b3cc-276cc2ad3b18,0
83aea8e9-7dd3-4fce-8fcf-43f8ff60b8ad,1
2e8ecf77-42fc-4589-8171-e449bd9f624b,0
f158bb87-fa0d-4cee-9d0c-91f8074d13e4,0
212d8fdc-5431-40e0-8ff0-6d40c4579380,0
af771fb1-c7a1-4bbe-b2be-f859a8bb2e79,0
07d6d26e-8c61-44d0-a8d3-96634fb9b15a,0
77d821dd-b909-4f3f-abcc-8d35d44af0b9,0
6f0a0feb-38c0-4eb9-a419-d886db655937,0
d200782e-5bca-4bea-a56f-d76c4d723965,0
03807271-dac7-4c7a-bd2e-5efa61a8dfa0,1
b7ec83ff-52c2-4113-88c9-6f74d4cdf897,1
07e01229-0977-4132-a3d0-6049aa570256,0
485fdd18-3114-444a-a857-da9656649e7c,0
d3826bf9-ed53-45c2-ae5e-a8e614e5a7ed,0
4e4ffbc5-afb0-4e47-9ab7-de2326eb3832,0
583e6479-e5c0-4fe1-8981-2b7f334262af,0
a0e9ebdd-f597-4a21-b9e3-74f9bba3b939,1
1585d509-9dd1-45f1-a08b-9fbac4c46096,1
a6f9c70a-5921-41e0-9153-24c9d9b07739,0
cb7e1531-312d-4448-b7ab-ed6d3d943b7e,0
96d9d08e-ae1e-446f-bdcb-74bdf5544649,0
47123ac8-f84f-4e9f-99e0-38e2e15fb8ba,0
d9c8c7f6-f499-4fe5-b47f-6aad166736e6,1
63948801-9e71-4814-9615-5b79c47451d7,1
48af234f-1c09-4b4f-8f82-e1604c9c7926,1
254ea823-ecb3-4be7-b05d-ba47574f0a1b,0
9313f12f-49d5-40e4-b42e-63c7e8cd0152,0
5e8b2ead-7699-45fb-9fb8-68337687ad43,1
1283c6f9-3207-4119-bd01-5bbbf4efc3b2,1
76521cad-a4ff-41c6-ada7-43be55aaa364,0
840f7269-7dd6-4426-8486-2558cb9e097b,0
94f846bb-8e2e-400e-9148-17cc0894e8ed,0
76c29c4d-8c10-43ad-976a-025f3bf1ed94,1
80bde6b0-6380-4692-8dec-d47fafa39769,0
cc4acb6b-635e-4036-88b0-d053da58c1e5,0
f6c46bb5-3b20-424e-bbea-66182de9f69b,0
88567904-0aaa-49ee-8ecc-fbc60813e224,0
cd45c42a-67f1-40b2-983f-ff1dce1ea129,1
af27e753-e626-4e79-86aa-2dc9ca24773f,0
52ce1f53-89d4-4057-81e3-c3b2d4ab91c4,1
803b28ab-3f3f-45b6-ade9-7c0a437c26c0,1
fa1ade74-8f04-4199-975a-25e92cbf5841,0
c74c3317-aae0-4e0a-b725-9e5ef5ef4463,0
d17f9676-9780-4c48-8fbd-aa5faaf58e52,1
99ebdede-f331-450c-89f8-4cd82204b170,0
1a3ce9e5-0239-4bde-8733-e910487fb5a6,0
5c321f48-9eb6-4290-8fda-9dc4fde72dfe,0
3c6044ce-59c1-4ca1-bd56-e29967ec418b,1
3c990575-9bc6-443e-91a0-d8ffd9d8acbc,0
8b602b07-212e-4f7c-9c90-207aa100d53a,0
ddd07ada-0c1f-4732-9062-854dd6af3c18,1
78565df8-89fc-4f85-92ce-c7844aa6a40d,0
3687bb36-8f57-4494-9af2-7a933f582644,1
ebd491b7-fae4-4636-ab5c-171d47955bc1,0
8f7a7583-e25d-4827-9121-087b6c0e3285,1
387c218f-fbf5-4dc9-80d1-10b4c6fbe43c,0
92ac8e9b-0b66-45ef-b4c6-eb86260acf70,0
1cc8c77d-a031-4052-b95e-9981ceba5f68,0
0a5292b0-d0a0-4ac6-ae49-fb74ce4921ef,0
4ba427c4-e9a8-42bc-8a08-0a77d98a73e2,0
f14e0ca9-a4b6-46af-a38a-9136ecc2ee3e,0
ef2a3b74-25bc-4cc1-9603-7c62ce8d5d69,0
063223b1-9040-4a00-aaf8-321a19f54e3d,1
666835f8-b75c-4c35-a8ea-17d944a58b5a,0
412ad9ac-aa81-47eb-8755-8c53db83afc8,0
43940bee-4a97-4e85-abd8-322ba5478fb0,1
8eaceee3-599f-41ae-b0f2-ad78f9e1555d,1
44827597-7aca-4ce6-b997-2e07f165298d,0
7de69dcb-7931-42d0-8423-59ddadbcaac3,0
06281e14-bad6-495a-ad47-826a455a00ae,0
1f3605ce-ad58-4b11-91b4-ffaf89d92ee7,0
f1b51a02-c32f-4dfd-b13d-919287d05ff2,1
5b2ae2c2-8316-4699-9f2d-5d123f0e82a0,0
f3bba682-b310-40bf-856a-c93b7aba413a,0
af456206-ff18-4cd0-b361-b7c00f31203c,0
b96ef773-e830-4b02-b277-24908961c217,0
b78902f8-9d8c-4d09-9d8b-e9b1d8bc9907,0
348b47f8-23c1-4e18-989f-5f329afb1655,0
6112c977-5749-427e-8814-1be627733ce8,0
11756381-27a8-41b1-9a8b-2f1d85e56be9,1
9f91a724-33de-4084-80b6-c73fea8e8f8f,1
9aad9141-de34-4a59-95fc-4f54ae64317c,1
e8d04820-7637-4551-9569-da926405a7f7,0
53d25725-3486-4d40-84c2-f6eb037b6c3d,0
420fb1a8-19c4-4430-a68b-3810f2ea78dd,0
557914e2-b256-4b07-8389-6a076649c4e4,0
acd45ce4-854e-4113-ba97-fa39e5955614,0
bfdfc186-22c2-4f9e-be97-6e472ea13be8,0
e3edda12-5312-490c-98b5-cddd3cbdc509,0
b8cf0a5c-462d-484d-b0c1-ba186d4a925e,1
403f6320-b7b5-4fd0-99da-a0830bf6b003,1
757d9550-fdc2-429f-86b6-3548baa9b9e9,0
e76665e2-0df2-4427-8ec6-3d54678225d6,0
74c0640b-e14b-470a-893c-912234a0672d,0
5f1c5959-544c-4f5b-a7fb-f09e0fc927d6,0
5c933139-a090-4ade-94aa-95f927f1ca9d,0
0d62d215-4b0c-47f7-973c-7c5895db1d74,0
faf91518-dbb5-4a9c-9b05-198d0730f85d,0
b1eda73d-9ca6-4806-b542-9ff63457e772,1
c2281c99-1c54-42e3-8351-c91d2dcb3e1b,1
464a546e-d694-4a8b-86a8-e6d14ace26ad,0
b8d4752e-3966-48d0-af45-2cde56bc68ee,0
6819e15b-ecd7-4f5b-bad5-f1a0dc38e6c3,0
cd5d5167-f996-424b-acb7-a5c6d481eb98,0
ba506ec3-2648-40df-9fbf-e108dc0c8179,1
9bbeb9fc-671e-492e-be11-e19dc5778062,1
71c64e31-e794-4b33-b609-52cf06187ab3,1
c6572c3d-bb00-49ec-bb5c-53677da5ee10,1
ed715632-0161-4145-a5ba-fa99ded12df9,0
65d8964c-8f28-4874-81fb-15ce965d0e79,0
efeb6e5d-a5c8-4103-9de6-ee299c521e36,0
0f78ef44-5f1e-4314-9e7a-f4086e98318e,1
64a06c19-07b8-40b3-9999-7c5c51163ca5,1
bcde6d37-9f7a-4cfb-bfac-ed89b43a4efc,0
c5cf72b5-233a-4d00-8062-c4764daa4d49,0
bd6919d5-0e20-42fc-b62e-f7a6aea73251,0
f59121bd-5e32-4f8b-9ea4-905371fdcc26,1
e8427c45-9063-467c-b444-ab61bbcc8c6f,1
37a1db71-bdc5-4205-b4b2-b6d36ee97e5b,0
6fa5b139-56b0-43ad-af22-69208b67ba50,1
bbb3aab9-261f-40c0-99da-82494c4ea8b0,0
e54ed790-847f-45ba-8d24-c0da7d065480,1
2c8995ce-f5ef-4426-94c9-7acdded86215,0
4b82bf33-2b5e-40d6-9962-a12ab03f43ae,1
2e7c6912-1872-4aa0-a35c-6d7c40a9e49c,1
0799bafe-1649-430d-94c3-81da1a503e9d,0
3180d1bd-7819-4134-af32-f1b2f9668f3e,1
98ea0f44-e3c5-4ee5-80e3-9c40c40eeda2,0
e385f349-7c0f-41b8-870d-653214ecd60a,0
a941d35a-f04b-4de9-bee8-34f0aa098d3e,1
3e8748aa-efe4-46a5-9903-1cd07107d293,0
b3bcce7f-245f-4ef9-80c0-87cf5a95fb43,0
7595c227-6f37-4438-9ac2-9aa15268ef59,1
514ed057-17ae-4909-a71c-fb351c4dd13b,0
20ac5a3a-29e6-4d99-9b55-a862255fd646,0
165d8c3d-8547-4b0d-baba-4fc4627acda8,0
4844e679-a5d7-434c-94cc-160eac0f1e9b,1
b0a5f416-ee06-4bba-b7da-504447604f7e,0
ec53f3c4-14d2-44e0-89ad-69ae72992aa8,1
3013199e-db6d-4c7c-8cb7-540eb08ae779,0
cc58bb31-24cd-4ab3-b371-7860d1518143,0
b2a02a14-d6a8-4a83-940f-c46c213c83c4,1
8367ba90-db21-4717-8682-beeb6a38e4c8,1
d278bf86-9f76-4bf1-a793-00f5baf52512,1
b4767812-1b53-437d-abc2-c0bcb8ae584b,0
185bc667-ebc0-4710-a8ef-90f43253f130,0
9e0e1067-5d8a-4c36-8dee-f4fc412bdbef,0
46e1e6b1-85c6-4ddc-b216-87c21c26e3c4,0
f151080a-af56-44fd-a7b3-37a308e3b306,1
cb597ec9-bb65-4ba3-a0f1-16629cd725db,0
0da64027-09a8-4e47-b08a-34b4d9bcd7eb,0
cf192730-aa55-4071-98b7-be76f29d6db0,0
b8dc42b2-9cdc-4cff-bc2d-7f48acd6aadf,0
3bacfd46-8d90-4501-bb54-edb423590230,0
9fe7aae2-152c-4621-a6a7-4879d2117405,0
c6ff8790-ee0d-452d-a013-44e0d999c90d,1
f636df3d-938b-459d-85ad-2f7d51451f85,1
b1792c48-45f8-444b-a29f-822a9979b094,1
0e35469f-3008-4498-9fec-2b462610d9bd,0
cf510bfa-4c52-4b73-9f42-625afd92d613,1
bf34458c-f410-4692-90ed-de574635c79b,1
5518e428-a605-441b-8ebc-07a39d1d627d,0
0f509844-4929-4e8b-b6bc-91c967e73f08,0
a00e1844-1d02-4c03-b74c-f2df131d378c,1
af83a51d-c24a-4509-b3b7-9a530b99fe9b,0
a545a1eb-cd0a-4910-962b-7e0f5e37d79c,0
f33632ed-f896-4fdc-aff3-40a249ddfe3b,1
4f235ddc-c3ae-498d-84fe-6dddf5c50b93,0
953056be-83ff-4edc-b9a2-be513642d085,0
a976e067-d7c9-40aa-be82-4044d40a05af,0
2fc8b8a5-71a8-40c2-be7c-ac2e9580f596,1
5378a2b4-02c1-4779-809e-9b49efdbdcf5,0
0148de3d-f873-43fd-bb7a-d68ab6530f86,0
f33c5132-acd3-4400-9c27-cffab07f92c3,0
b91c0842-0b61-42f7-9d4b-467c9b35a1b3,0
bab1119a-81f7-43a2-b959-a66705845e7f,0
931c0a45-7a21-4145-b6bd-482e33873a49,1
d3f214a0-a004-480b-a772-013782be0873,0
389673f0-6b7d-4764-9b57-d260fd5c61c6,1
d7e26692-8175-4566-9949-f0b5f1f12973,1
1502af35-d78a-490b-8149-cfc9e7c0a448,1
bc9d8765-07fd-4f80-8c4a-dcf92a3206c3,0
50350c21-a068-4550-ab64-9ba664daeac3,0
b7c6c555-d897-4d80-ad06-f8143744190c,1
a1cfc7b9-c504-4dc1-9e82-eb24fba7b1cf,0
ae5abe0d-0f72-4bff-bf66-749838c57e97,0
25f450ab-f157-47ef-9b63-900428036cd4,0
92efd452-84ea-4280-adbe-167e68869aa3,0
2b41bfce-69e4-40df-b70e-4fb068cf4039,1
577e0f99-1297-4f51-a5a9-ac97664b7b24,1
0a6a45d9-ccfe-4aba-88ba-68f712e05d76,0
a98cd104-f35e-4d02-9664-29dcdfdaa897,0
e9d5d2f7-50d0-4b0d-9d7a-8291bc5b981b,1
52331fd8-ee2d-49c5-bd5f-84c150cd3cea,0
786a1b06-2618-40fe-9960-8ae19772465e,1
46e07fbe-d511-44cb-8f21-920d6bb9f2e6,0
af4c7aba-15ca-4345-854b-435c1463590f,0
c5c9fd8b-2dd1-495a-a964-3c815b8d2df7,1
10552b31-b424-4650-ab24-d7bdb9bea50c,1
0186508b-9108-4dae-8d9b-f6f3c4d977ab,1
ea288719-5de4-4cf7-8f4a-e438f130d0b5,0
78ada3af-5780-4075-9840-7cbac3d1ee47,0
49402293-c352-4512-9280-583da5e3a1cf,0
15ab5cf5-a1e8-4589-bf20-d342dd466d26,1
eda98ec5-53d2-4753-8055-e62e983379c2,1
4621bec6-238c-4391-8bff-ed67dd727390,1
00349c6f-b298-47af-a626-6d60dc3a19e0,0
5a9b2315-ee84-45f9-89b4-f274c9488197,0
7c02396f-cd57-42a1-bd24-75bcb7cb4ff1,0
da3b4254-8235-4826-9ab5-520b834ee45d,1
ceee46d2-5ec9-4e05-8431-c7284775ddee,0
80e5f090-486d-4942-bd4d-849d62a1e667,0
2ad5ec95-3a1d-49a2-a97a-ae25b5dff80d,1
3fd66a9f-0463-44b5-a68a-a8e98c67d983,0
d6ea764d-48db-4cc2-943a-4fa93bcfbd24,1
415e8852-fafd-4177-8be9-d303e19fc98a,0
eee06b44-5296-49c1-b37a-5d2a7c9d6cc4,0
22fe8ed7-d36e-48fd-949d-30bc780a4d03,1
9be8c292-6392-45eb-b1da-1c0bb87acb48,0
657c7538-b7a0-4fb9-bbf8-c2929e424dfd,0
e816a7a1-a119-4e44-9c4c-7fb7911260f0,0
6aec677a-56b5-46a0-9926-35d49648b2b9,0
27156ab1-d18f-4726-8fce-0e6c99e63909,0
df32a60b-aa18-4a2c-8521-7158ddb64ed8,0
b8233922-c3d3-4bed-a945-0937188df5a2,1
5b9b8547-e17c-4c94-a57d-2211bb71efc9,0
48456b0a-4e30-49a6-85c3-f030043406e8,0
7d79e884-6578-4f10-848d-2be0d71abb97,1
61aece89-e5a7-4e72-b71f-d8a0b75509b8,1
1ff146e6-a7a5-4ae5-87b7-584b816cb175,0
9e303020-7292-4271-b616-3ee8c26730eb,0
ba1d5b6a-3a7d-49f7-a716-229d9593933c,0
4cf01ab9-e51a-452e-892e-e10882296213,0
57ca3ea1-7654-4033-8a1e-5b2fc8f76e7f,1
84ba619f-8ca6-49e3-b2d5-750c9c1add6c,0
dc1f2a01-0258-44e5-b37a-7f021a7c8bef,0
72330e9a-a6c3-4472-8ac4-0a744808f0d2,0
afa1a170-3189-4d37-bac5-d1c421b9d367,0
24d4d0a8-6c9e-4c40-a0b8-69aef92ed059,1
61646a52-6ae3-4de8-9dc0-a6270a7cabe9,1
55758d6b-f30a-4049-ac44-9859a90b1652,0
4932e68b-1617-4b23-997b-3e084cf7e8d7,1
bb64109b-b008-4ba4-a33c-d943f9bf7ba3,0
723c53ef-dea2-4ad0-8caf-7a02450b7b51,0
f6b74700-8f93-4b9a-88b8-4a6399f22c58,1
d6b3199b-00c1-496d-acfe-f2b2ef3a873e,0
3062b255-730f-45b1-84c5-3d7fc4996971,0
7a55f836-2402-44c1-8614-46cdae95c9d4,1
58eb563f-5912-4356-97b5-1dacbe61a3fa,1
b9c3bffd-3805-4675-a3fe-1e6a4efe8a35,1
1ef4af9f-4f26-46ed-a27c-3aa3c0aeeb4c,0
2a2ae761-e1af-468b-8294-6b0c71381f1b,0
150b1459-40f1-45e8-81e9-1ad7afa2c865,1
a7da9d54-83d1-4675-8ae4-e39fbbe32376,0
2928850a-d892-4476-ac47-0887fd0fbabc,0
5dc25e5f-0929-4a60-836c-578453ece8d1,1
e1b067f0-ea0b-4076-9ea8-f58c9bc8ba4b,0
1a006f3a-07f6-424f-a785-ad58bc1ab07c,0
e3596480-ada2-45a6-8fcc-1e79549e38b5,0
982efa1b-2a28-4839-b9da-71c4ec6ada07,0
450b27bc-3755-49a5-94d4-21aaa15361b5,1
9c5db80f-3353-4fc1-b954-d3eb3eb3fd24,0
d2338ff0-aba5-4167-b17e-af60c2427c85,0
8abb8261-ed16-4de5-850e-99cb412d0e5c,0
8eac4951-bae5-446d-8f7a-43463adb705a,0
47492a3b-e58e-40ab-a854-4433f934f89a,0
1701f719-c64e-434d-9763-6883736b9780,0
49f4bd0f-2a2b-4bb3-a65d-0d07e98070fe,0
1c6156d2-b5bc-4c2e-9020-e8bfbe4d8462,0
45cdd603-e7f4-4822-9004-69dee57169ab,0
149d3166-b9dd-4a1b-9dd6-2dea8569e262,1
d1cab407-748d-4a28-831e-646df59b6081,0
ffc9dd50-cb35-4c96-ab97-b3b0d3721ab6,1
0fdd1423-19ee-44c9-ac9b-96d020f77dc3,1
39c919ee-9b73-4430-a0b2-8bd6af1be911,1
e92df85a-098d-4996-bbc8-25215d9dd0dd,0
b8abddbf-c653-4bc2-a51d-65b4698f1d6c,0
601daf85-300e-4072-bc78-7ab23e552ce4,0
5f47684c-580a-439d-ae1e-71b1444f09a2,1
d1da2a76-24b1-4ecf-b625-8329d6b44772,0
119cf368-e5f1-40fb-bcd7-69d812238d12,0
2ddfad4c-b8b3-46e0-99dd-91bca9f5901b,0
4dad0463-bea4-48d9-bd1c-047a002995da,0
4fee6125-7961-447b-a9c3-20c6067e2dd6,1
d0081dc1-7b9f-42ab-8075-f3c7e82d4ed8,0
89ad78d6-ebe2-45b2-8952-1383ce11cf2c,0
09574136-90d3-49e5-9d50-861890221ae9,0
b0dd73ea-e226-4735-bc69-95ce7d203655,0
b3476193-36db-4c9c-807f-5424cbbd31eb,0
ef87cf39-d52c-42bd-a90b-c65d8bd7ffc8,0
2ec48757-7717-42b6-a777-719abff30ffe,1
c89de684-dfcd-449b-96e3-9c6b2707ee81,0
b7754748-80a1-4f87-a44c-bdd8f6ab98c6,0
bcb92d35-df29-4842-8501-319524a7b36b,0
df1f08a6-e93b-4c28-835e-48f7683feaa5,0
2c345f53-0569-41d2-93a8-2d501ca10b34,0
4dd2cb59-a5c9-4699-9479-d65bc319434d,0
aa900774-4f6e-4dfc-84e3-20dd90f7f866,0
9b968c52-6529-4d81-ac8a-e1057b93fa0c,1
23606491-1c2d-42db-8122-6a7ef3fc2fe6,0
c6c4819b-e1bf-438f-a9b1-1f243e12d299,0
266f6f70-8b72-40ac-8f74-888eb12d705e,0
5afcc0a2-2896-433c-a87a-dbfdad9be7eb,0
c90ea620-5e87-4696-b21c-307a0566962d,0
f88401df-0155-4664-a18b-084462ed37a5,0
4a8b3c40-b04e-4058-b444-a9519f9cf6fc,0
6c3438d1-38d8-4fac-bcc8-602b73ab3c85,0
6383f611-db48-41c6-80fb-f5b1dec221d0,0
e21c802b-2dd8-409f-b602-006e7c92941a,0
dc15dbb2-d069-42bd-9ba7-20e3779bd941,0
263bc6fd-3c56-42e4-9da8-6934f7619fda,1
c4b5d500-c332-449f-a3d7-17889bf0d278,1
e0ebf80c-c201-4698-acb3-f68304dd78af,0
87cb90ba-243b-4f09-9362-931790672f21,0
c45c83a2-b09c-41fc-aef7-5043ef821d6c,0
3e8c4e6d-5444-4349-80ff-159178c57ddd,0
b72fbc52-3d1d-4db5-a019-afa7e5bbd9b0,0
e1c2faac-8b22-4135-9561-220b40d746a2,0
9ae960da-b669-41e4-8d73-40e4f32026e8,1
c35ea5a6-9332-4e6b-b601-019afae942b1,0
7892c5b8-c6a5-4c6b-b4b8-89528bb614c7,1
833a8be2-87e5-4162-9762-5436964cc1f2,0
7c8c7075-cbd9-4771-9494-00ceb4356988,0
23752d47-52a0-4ced-a423-62a55199fe84,1
04b6efe1-c452-4849-8f3c-7689da0db970,0
2a61b0e3-ce3c-4b1e-b918-51f2a8e81bd6,0
4e9ffaf9-eec7-4ef0-b21b-1cbc08dc9128,0
2c8de136-7016-486a-ad8e-eb8ade639cd1,1
824a95e5-e227-4c33-b30b-5297da295846,1
46392388-d513-439e-85fd-185b2227f143,1
c0e4cf1f-4be1-468c-bbcb-a52223f43ade,1
1e2f75f3-12a0-40f4-a328-37d5d370c06b,0
dc26730e-8b76-4815-a4ff-2a0f93423b8d,1
3c6d0648-3dfa-479b-983a-199d80818d5a,0
4f0acc50-c04e-4ae5-b72c-b19b58e192b1,0
4ec85daa-e0b2-49ee-853c-d5cd41a8d5fd,0
f3b4868c-9cbc-41e9-a7c9-655edaafc535,0
458f9f70-fbb6-483d-a580-8ff7f1067a23,1
cedfc138-bc63-47ab-bcc5-85a35c4d2254,1
03308ebc-fbc5-4465-8f0f-b97077839269,0
d954dc80-3d0f-4fde-a055-531e7411a51b,0
5ae306d6-8c15-456b-a375-66a0d6c32be4,1
b9e33316-fc97-4540-a063-a3f85d405f30,0
2cd5a987-430b-4c06-aec4-25bdca4d06ae,0
7b940d4b-b5ef-4e7b-b1a4-1d442f419ad9,0
6eaeb368-5fbf-4f02-b6ee-396e0a5639ad,0
4759e4bc-fba5-4e9e-80a2-f8d509c245df,1
9dae7646-5e35-484c-8325-b4c2e0d71b38,0
1f67277d-d418-428c-8cae-80705451b728,0
ba013027-a342-4a36-b7d1-96da0bb8b13a,0
40253aec-f3a8-481e-9f42-43a12a83e5ff,1
503fef67-ccd3-4149-9742-115008a5fe75,0
43e18e5f-370f-495c-bf2a-62a3fb4b5d08,0
ac71d24e-ac87-41dc-b141-4ce5b60d3103,0
7c6d7c6a-fa2e-4318-bdfe-d0af07db6895,0
78bc1a33-526d-4c30-aa2b-41a3dcc5c5b0,0
64dbb61b-b91f-4c42-8799-ee0a2c79ef1c,1
e3690f44-4d6c-4fcb-b559-8d5e45c7c7c8,0
46d8505d-ec9f-42d9-a446-541b7d3db501,0
3f68cc99-a3e9-4071-b159-df8a640856db,0
34ee8503-2c4e-4cc9-a8e4-636025674494,0
42edf981-2983-46d8-8d70-1820bb50ccdb,0
96e1f0bf-26bf-47dc-92fc-d65d7f415d80,0
d9be7a66-477b-404e-9f5a-e677a8227807,0
fca2e198-8037-4841-87cf-a203f4420e95,1
12571eab-219a-426b-a0af-d40d95a26f1a,0
b081cc12-5b66-4530-b254-838d080fff7b,1
aed249c4-ffce-40ac-8776-0e7faae4cef8,1
6ddf1cbe-9efa-4122-bd9f-68f5aabc6a75,0
6f6d0594-f2f7-4e5d-ac51-f5cb38466e64,0
052efd19-7fd3-4a8a-970f-07c0d112c3a5,0
21b5dfc9-bff5-42ef-b4ce-88adfecf99d4,0
4dcb0290-c233-4a9e-aa66-c9ea4cd62008,0
4c6914de-27bc-4920-b157-aa320324fbdc,0
ed88abd8-f028-477a-b9ed-ed1d14b3a938,0
f34b2935-ad62-43a0-a786-9bfc523d630e,0
6b83967d-8f66-434e-a57e-cce2a0b8d476,0
22e456d8-5f0e-4f3a-957f-12d93cb1eab7,1
40c2be88-71d2-45cb-acbc-d73b2fbb1d16,1
bd1f2a17-e6a7-4aa1-8653-fc4f9bf0e5ea,1
0407f178-2005-479a-a3d7-da0b6848fc39,1
2293b08c-2bef-40be-ba4c-86a64367023e,0
6442fadf-8996-424f-8fcc-fdc65a2d8864,0
b8897a22-fb53-451f-8d7d-ed44859b8738,0
f9243926-5451-400c-b340-b75cca56911e,0
4574316d-c660-4db1-bf2f-27501483ad18,0
a7f951a1-3314-48d7-af62-601f76e58136,0
f3cba4bc-c29f-41e8-9735-6925edd16c22,1
beb0ec2f-beb0-44d4-8a1c-ade22a24b15c,1
6d03579b-fd73-491b-8598-efb1096a6696,0
d048d520-8fa1-4ebf-bf43-98dc48dfc49f,0
96c0d71c-a12c-43ff-a01b-eed2e8c8764c,0
4c4d124f-2f0b-491b-a963-c6a6bdd230c6,0
23803e8d-59a7-40e3-a9bf-9aa03040341f,0
97e3e8c4-e5b5-460f-8361-92e71f1e129d,1
e299e3d2-a93c-43fe-a4ad-ae227b740611,0
d49c48db-8c4d-4530-b80a-a271ee82609d,0
c0c4560e-712a-4b2d-9dac-e34110b728be,0
703134e3-4955-4c83-bda2-5e2273453ac7,0
47775ea2-e53c-449a-b50d-168eecfa2deb,1
214cf5ad-8934-4762-87cc-29db8f5e1316,0
0595064b-a281-4b64-899e-ad2ab0e4cb85,0
3d4a76e7-ec5c-4193-9eee-8b9c134ecffc,0
bc20e53a-da6a-4784-948b-1c21ed5a3cdb,0
e105450f-6900-4357-883c-3342b1603be6,1
b34d16e0-0072-4d62-8cc8-5367f90818da,0
442d3e97-4842-4fda-a175-d4c5e1db8e5a,0
c70cde7a-38a2-42fc-a0d2-454546349cf6,0
c94895f5-09a8-453f-b670-eecc30563e6c,0
8ee33a9f-bacc-4369-9db1-ab234c277267,1
0e0a6f9c-7c2c-4dd6-ae56-559f7576e7f5,1
d6563452-b19b-4217-a1cc-7223769cad32,0
cc3efc2a-e8f7-4fc2-b511-6880d65d18bb,0
59470da6-ed45-491c-ad26-d78a54ba92e0,0
489257b9-b9b1-4ef3-83ee-98471d5c182b,1
aa981b8f-521e-4821-9768-07c6e5530e9f,1
2772ae3e-b513-46b9-9cf8-0c64248a2bac,0
d95cdd0d-ccfc-440c-833d-b3661fd948e7,1
7c7e9d21-f863-4ce1-b3ae-3032c8e8fd53,0
72f9cf7e-e3ed-46bd-9467-e295e194fe3c,0
a2a8b69c-cdff-4031-ad4d-fccaf8431e51,0
f29684ed-eec8-40fa-ad21-01a77b07fe2a,0
b2e89004-a4b4-4f35-8031-27933b44d8f8,1
992348ed-4d14-451a-b78a-b766e5f4e7a8,0
84b15202-b3e5-4f6b-a9a0-713ea50a6f4f,0
0ca56df7-550b-4817-a0df-b64322092228,0
31920026-adf2-4b52-931a-3941799da3aa,1
48138ebc-3718-41b5-a5cb-76fd55428d4f,0
2bf0d425-c9cc-4517-9e62-9bdfa6d12c14,1
4e3eecd2-1c96-4517-8f98-11c2fde64d9b,0
166cc58b-d5a0-44f8-b708-6354eb65e2d3,0
f0ca9cf1-c72a-4086-9ebb-45221c9dc105,0
57fc524f-bce7-4e09-a2c3-c29f1736cb5f,0
3538da7c-6cba-4695-9796-c14651a2fecf,0
7fcce34c-59ab-4d96-8bc2-85b9148d7724,0
f493af79-c807-4995-a1f9-4f4d9a2c2a88,0
2478ee07-9153-4817-a1cf-6090e6cfdafc,0
ab8930d3-7cee-417b-83c3-4ab6d48fd46b,0
25bf388a-9371-4ed0-a87d-6740dbc67178,0
99abab3f-20b2-4d61-9492-ef21c4ed048c,0
cf87ce46-5e7f-498c-b85f-d500c8062de9,0
0fdff40e-1490-4d6e-895a-c7c66e1f78e3,1
08d7f767-d7d4-40ae-958e-ee001930756a,0
2e3add78-6e63-4e15-94e9-a27cc5a73f7c,1
5b5660b8-ef50-4d7a-93ba-0047814de4c4,0
06ef3ae8-7c10-45f2-a282-90825f0c4bd3,0
051fdfbe-70cd-4d9f-8133-0c95b7b0007f,1
b8cb1acd-e4af-4af6-9959-6fd125817ea6,1
712a9e3a-8d9c-4ed3-9954-e912beb9d1fd,0
9fb57973-1ca1-49c4-ae25-581c74c4e290,1
70e4ce32-4a29-4f09-9357-ad401400edd8,1
060abaa5-9114-492a-ae02-7314fa273480,1
e455c617-a9e4-4f45-af09-68468482464f,0
6003d633-250a-41b9-8670-4812ba75c72b,0
292b17f1-fbfb-4765-9970-f68e9e243ccb,0
feb5beb4-f2f2-44f4-a336-ca5f99823bba,1
1caaadcc-ea06-461f-a312-ebb598eb17ef,0
40051f35-1916-4ff2-8864-ab8c9ef2feb5,0
ffd1aba9-23c3-4890-b6d2-117043408dc3,0
b5131636-2ba5-412e-a8e8-bd6af4fb92d9,0
1c3ba605-ae20-45fd-902b-de0beb4d8b08,0
98791831-ab40-41a1-9618-a6057d2f9b02,0
9309c0eb-6828-4a8e-be47-549df1472414,0
b03b9528-eb79-4be2-b86f-b249a809e537,1
f6e3bb6e-2296-43bd-bcd5-951a1dffb80c,0
174843dc-f3fd-4a56-ba65-052a98fca8ef,1
cac8182b-3efc-4ebc-9363-80629e1caadb,0
ee2179cf-afc5-4965-a2f0-14f4ff41c35f,0
f5656584-4ad3-4229-a468-a99ed57e35d6,1
86c0dfca-5f57-4567-8218-f5d6317c546e,0
45a1e472-36c4-4ad7-bec0-2b6e1dae4cb1,1
c593a501-79ab-44f9-9d05-b87bf189227b,1
0f3f48a0-ea59-4de1-9b3a-7475a84c18e4,1
a636e828-99fa-4244-9052-7026e69f564a,1
1a54f56d-8758-4f36-aa90-0d25f6264742,0
34f5f0fe-0db8-46a9-913c-1c020a510b55,0
2bd4f607-300d-46af-babc-deab0e9e420d,0
a1f923c7-9713-4267-924d-21a66c7746cb,0
24671692-e6cd-43c1-805d-b2fac3a9c65a,0
08504330-5f8b-4598-b260-9f0d0a9f0f0d,0
b2fc22d1-b046-4f47-85a3-9a280b46b85b,0
44b35852-14e9-407a-b077-05c2cdc992b9,1
aa80212b-9af8-4a4c-bef6-062808c470c2,0
175e9c1a-dee8-4f9e-be33-44306f836a94,0
50a88dcb-2ab5-4acf-9912-130d627b907c,0
981a20af-fafb-4351-b224-e1071e6d23f1,1
1ca874ec-0f1c-4d72-8445-fdfbc209f11d,0
cb55c0d3-dda9-4c09-9f47-4d669e897408,0
905c0b77-5e83-4c05-84b4-48fa9954e8d7,0
51cf8e07-5c79-4fbf-a68e-759ddb0717eb,0
b230fb5b-26aa-4de5-b515-80f6e78c2dc3,0
b0a26e97-3430-4c6e-86a8-94aaf70b19f1,0
d47841c2-78e3-460b-89c3-476c9c8aa28f,1
f659c6dc-fe5a-4e3c-abf3-dde892f5324e,1
6ac60ee0-f12e-4d42-aa2c-8dcad61d1005,1
069142af-f6df-43f4-912e-2a9454adc560,1
666def2e-1d16-4894-9d25-38e5a6042439,1
f3e27e49-df00-4047-8868-ffab87298794,0
12014ae8-c590-4aea-8a81-e60f51f68bf8,0
cca4ccbc-d5b8-43e6-8bdd-811292af12da,0
93a27905-6259-48f5-bbc3-b3cc4fc5f028,0
49bfbc29-c997-4c1b-ac79-083dc0f9ceea,0
a82b7be6-358c-45bc-b7a4-67917695574b,0
bdc66534-7612-4327-90b5-84c30a30ebf4,1
db3289e0-dc00-46f8-abc2-a78840e058e2,0
8d1b88e2-d81e-492b-87fa-803a74564902,0
ab07d979-7dd8-4b2f-9fd9-e7984277cbbc,0
443761f5-e5b9-4ec6-b036-6898ef2d2a4c,0
52e8336e-182a-48dc-9058-2acce5aa7ad8,1
ec094453-813c-4ed4-a8a3-8a587b615577,0
53f5abf8-372c-439c-8247-92346a4b32dc,1
51e7c2d2-a4f7-4f61-862a-869faeb950eb,0
3a5e409f-a4d9-43f8-b256-8fd0836729bc,0
4e40a0b0-4004-4adb-bc8d-12a3b24c1b41,0
6021cd6a-0b80-4a99-b801-13c3b9a98004,0
932c319d-1f0b-45c5-9589-7b88610241cc,1
0bb93600-c149-4768-81b7-30642918b0e4,0
5929bdbb-d8c6-4401-90e5-996d28c92f31,0
199cc1ad-a6a2-4ee1-8054-63886f8d1bff,0
b484398d-b855-4ef7-8503-1f13c350d510,1
4e8d729c-7c8b-49b1-b1fd-1f9ba3b0c687,0
b886431e-684b-4d57-8caf-8984e1a002a0,0
21185cfe-ca1e-4926-81b5-ac1a0bfc0b2c,0
b4fbbcca-504e-4765-b1b7-303105e97568,1
17099c95-53a5-4206-95ae-9c6d8bd21a76,0
2e8580be-aee9-4573-8d81-65b8fd242483,0
6ff2b11d-5108-4312-a84b-bc85ccae5a97,0
23e15893-2bd4-4107-b72c-a603f86a3300,0
96066250-095f-4fed-b32e-9bd49860fab1,0
db3b8d3b-62d7-486a-833c-cf3d638c8075,0
43e77937-3e2e-4b56-b39b-6a8253e31b77,1
768326da-aa1d-4550-b87e-d54ae33a2e9b,0
92a6735f-5d50-4fd7-a695-0baef7e53497,1
329fef6f-e009-4ea0-b6d3-cff6b7a91a42,0
4190f17b-31b1-49fa-89c7-7ffe71932b45,1
765d5892-e3c0-481b-ad35-06416b94561c,0
024ad498-03dc-448d-8b2d-f60778b6c301,0
aa738800-1cca-42e8-a079-38ea714a9bcc,1
b179bd9e-f752-4904-95a4-106e150e88a0,0
7b0759ea-aeaf-4de9-8bc5-a3778d2f9a68,0
9d896850-e521-42d1-bef6-cf625bda090b,0
21b74111-4603-416c-9d21-23bb4092b354,1
54cecd93-e81f-496d-8180-733a20b514e5,0
6de0ca08-0e24-4881-a68e-09444d245568,0
06dfcc01-6b34-41b4-929c-6461e7d360b6,0
5b639180-2935-45cc-8335-2aa49178e343,0
9bd8ee04-7f5c-4eb4-a294-abc6f845a36d,0
d49fc626-4c74-449b-a410-046afa47fd37,0
d30f4d70-4717-4d8e-a649-faa4b8b9335a,1
6d27d862-f413-46a3-ad14-de11b5ffb7d3,0
02a72590-96f0-4cc8-8a78-c74d0fa9d657,1
e962cbce-89c4-40d5-8394-54e33fd2f95b,0
4aca7135-1b8f-4099-abfa-720c557b448f,0
9a7db0f0-308f-409a-82b6-d68882a42785,0
c50effbd-4cf2-47db-93de-d2c9314cebdf,1
983610ce-26e9-41ae-87f0-0de0d1e819de,0
1f174c6a-2530-4718-a06c-1b8bcee8faab,0
ec58efc3-07d1-4faa-b134-01462c0de651,0
7849aeee-683b-4d0f-a09e-a771995ecbb8,0
113ee37d-876a-4c5f-95cb-04c205066016,0
e1ad54ca-a0be-4845-ac50-23ef8cfc41d1,0
8883e250-0905-43df-a27a-f93501b5a53a,0
ad8e5405-9d1f-4959-a11a-16cbf7295496,0
9b62b1f2-bce0-4a17-a90c-180b6e1ada47,0
13e1d63d-9bae-42ca-b9df-e2b309297a88,0
8065d48a-45c2-44aa-8a5e-69066515912f,0
d569c1b5-3246-465f-bae3-1eba925c729e,1
365b40ac-34f0-4940-8e6c-291a8032819c,0
575022e0-a580-47e5-b1dd-505dc41aeadc,1
d0e86276-1ab9-4e88-a2e7-fa98dc0f8b5a,1
7675f374-21ca-424b-8756-a50b0ee98aae,1
199aa2af-d73f-456b-b64a-8075eb5ee3fa,0
0a4bc2c5-8212-44ad-9089-d6a380704c20,1
b8156667-7e67-4e28-a045-2b562e84d641,0
f2839105-5626-4c4e-9aea-7a311f127de4,0
1ca7858d-0294-45be-8a4a-72a712bb4b64,1
bcb58b96-6887-4941-b4a5-dd847f73b251,0
07b79048-2490-4c85-ab10-c4017aef3b0d,0
e18f63f1-10e5-445f-a253-4b876ce3046e,1
a8b2709a-1b3b-41a6-af40-8f49fbad980a,0
c1e9b9dc-babd-4fbd-a554-41ecb1567b39,1
69186617-5d6c-4b4b-a9da-c03ef26c7cc5,0
3ca4fa84-e511-4c32-bf81-f5265d5af30f,1
de1fc895-bdaf-43c1-95f9-ad99c4b1f393,1
0c67bfd5-ffe9-4570-a600-06a3a73fa126,0
6bf1f339-8d0b-44fc-9e33-22f1e5905c60,0
54e7e537-4c35-49f3-9f4d-260213b27bdc,0
d521d6a2-6ef5-4c25-9290-272daac9e461,0
cdad3da9-b97c-4ca4-b408-ef62c03746cf,0
2fe7bec5-0ce1-440b-afc0-8b5749bcee80,1
d48b2fd0-cb95-4f42-9f04-0916358853f3,0
6beafaf2-05fe-495e-b8b6-7546c41bbdef,1
14a7575e-5847-4696-95c6-7dd3e26d40d4,1
9a0238e9-8bab-4c34-a1ee-bf15b0d0fd82,0
915253d2-3930-4c84-93de-8110c5f43a95,0
749a4641-f47a-4873-a8db-0f50be5b523e,1
1bec20b8-b4fa-439b-9e39-7134a74e54a9,0
c4f7823e-3b5a-45ee-8b58-f9f31d021810,1
177262a0-d27d-4212-827f-f0b1acd3dd42,0
ceff5b2f-32d4-4dd1-8d83-5c44132bb71f,0
acced201-f432-40e9-9862-4ed8ff386c5f,1
0d40183d-f95d-4132-b470-fd85442bb57a,1
f75d8ce6-f933-4379-9925-51fa6b37561f,1
a417be16-d07c-4f3f-8c86-7148243a037d,0
28202e2b-ee3a-47c7-ac26-6515a4651ead,0
53fe7cbb-2856-48bc-a8fd-d0a0ff56d31c,0
5fd227ce-b8cc-4622-b8f6-978a3637f581,1
8abe38e9-33d9-4440-a947-1228b71ce81f,0
623e6539-d63b-471a-9ec4-4e0fffe054d4,0
f47cfdeb-894c-49d6-a8c8-6d4fcf3c8b03,1
695831fd-b424-4dcf-b308-850449748de9,1
64d0005a-de37-442c-92c5-c9446a8b6f6a,0
f994b766-cbec-420d-8c0f-39aef8645387,0
508eb676-ee05-464e-afc7-f815fff0b8a4,0
27a1bc09-ffc5-4470-92b7-8867790e6d88,0
fec61976-5c63-4950-9b62-5e269a888540,0
0c43823b-0849-4dec-8826-c7809591a54a,1
a3a724c9-579d-462c-a8a4-f62132d7f16e,1
90093d90-24ee-4250-91c1-e50c4f48c94c,0
15bee997-9f2b-40bc-9b6d-0a0cf149d9d4,0
d91cae42-d18d-4192-a6a0-6aa65dcf663b,0
2c2db018-21f7-4c4e-a5e1-b6b5b85b1fb1,1
b56e675d-f7b3-4865-a6fc-d9e5825ced09,1
00d6d0e7-d882-43a0-9f85-fdad4e936b49,1
722f8d9a-ace4-4249-bffd-a1a55e9b645a,0
69b7c307-b2f6-43a3-8e5b-b61a774979ee,0
134ebf51-e007-46aa-9e18-0a66a8ad8107,0
903ddeb6-0f21-4c4e-ad6d-d8595395be3c,1
83b6de96-5892-4409-92b6-b6b5d8446310,1
1dcd9146-b3ba-42d9-bc54-43391f8dbc1f,0
771b9af0-272c-4a89-815a-5aa5154a4141,0
c3c08410-d74a-47d6-8819-ec98fffc0f76,1
d20797fe-4254-478b-9daa-3045c13a50a8,1
9a5b7e56-1df6-4d70-9b0e-39f47ca0e2ae,0
05852668-9943-4d36-ac1e-d071eb9e44ac,1
fd4bc897-b4cf-47a2-be77-05896423f1fb,0
cb630f0b-4abe-4468-a129-a3d8e3d15dd9,0
4c81210f-ead6-4ed1-817e-d34b0126a9a2,0
54c56c34-32c0-40d2-8b84-8ac4e1fbbd14,0
bb3f4718-735e-4371-8027-1eff55893b4a,0
ffb56409-41ed-4f86-a3ae-9ef440ca7084,1
fb40f40f-dc20-4128-9913-9672543ec30a,1
e587a809-b25e-48f6-865b-e328a4e3103b,0
42982e28-db69-4d16-9e39-8908665e9374,0
601b68c1-2ba2-4a6e-8e19-d1d66e9891cb,0
35176b6e-12f5-4c78-8dd2-077cc3edfc2d,0
90eb7b4e-e5c0-426d-84f5-83eb2286c542,0
83db18a1-7ca5-4bcb-ac3d-f651f756994d,1
ac5da3c7-446c-4ec0-85ca-b8d801eafb42,0
38be3e32-355d-4acc-afe7-faf9776a7a4e,0
e24cba31-3a68-4b36-8716-3d426214ccba,0
581342a9-e9d4-480d-8472-4c74736d649c,0
fd84779f-7e0e-4510-b7ad-69340a166127,0
822a32fe-b083-4938-be4d-44a1bd04c674,0
43b443df-2370-41dc-922c-c8e0a56fe0bd,0
a93f381c-2916-4ba2-a06d-6239d69ea476,1
12024ed2-2808-4457-a98f-16d484c30d85,0
f95d751e-333b-4ccd-bb15-eda2411b4017,0
35da131b-e797-4885-ae1b-62c88b9ec332,1
b562c46b-218f-47e5-9fa1-ad39e72644ca,0
0184cb6e-0011-4377-af77-57133d16baf4,0
266e13d6-21ae-4818-851f-ed0d8ce5a380,1
5a6d6478-a254-4500-85d0-4791a9938a0c,1
9eb46b91-1497-4a25-97f8-a66a0935d397,0
1303b90e-676c-4a7f-a8b7-f4e876776cb4,1
fb56a7da-3ad3-4e62-9093-2e7728759cb2,0
17ab1040-74cf-4df9-b792-6e50308abb1e,0
6bcca35c-e225-48e0-94eb-4c4bd572cb98,0
858951e8-9c05-444e-bbb7-98cde74deae1,0
aa5406c2-a989-4d9c-89f6-8d733c2a2067,0
3cb747c3-ea36-420d-90f4-8217e1232d16,0
37c6602f-61bd-4c20-b695-7e4f0a53ad07,0
3c0fe84d-e69c-4649-b7e5-660c6531f2a6,0
625f919f-84e2-4946-9bdd-e45645d9ca79,0
1544c4e5-03fa-4f55-aa0a-dbfeb1cb19b5,0
8a2dcb68-2d3b-434f-b928-82e4afbe92df,0
9ceba137-f706-4759-b8d8-2f6fe162e75d,0
633ee6ed-ea98-4748-bcc0-d9087f29ab76,1
ec22f618-bad7-42e3-a8fb-e5c9576cde5a,0
c01bc2d2-b7e8-42de-b758-c7b967500345,0
c1823537-1609-478e-a0cc-f03b65178328,0
24362993-3251-4341-88e8-4fa07a2c9261,0
bf5e5572-a71e-4aef-a59c-3b6b39e1e15e,0
a787f424-adec-4f61-92dc-1d0e5c3d0eb0,0
39a154c3-b0d6-4c71-8001-2292bdc149b4,0
d040048e-2e5d-4adb-868e-51dbc12ce352,1
62dbfbbf-947a-443f-b882-2ed11152e3f9,1
b38daf84-de0d-4705-b771-b5fb3ef8f7e2,0
e78b63a5-16a0-4db4-a79f-76f630da803a,0
59f9178e-c6ab-40c3-a6c3-49014809ed85,1
1d9021ad-f6d2-42a7-b1c4-a61ce4ad9b26,1
478374fc-be63-40d0-b6c1-423a739a9010,1
6fb9e661-42f8-41a1-aa0d-bfcde84d3bcd,0
3442b6d5-baac-41a5-88f9-4e26e6dbd3b5,0
336772cf-9df8-4546-90fd-57d3825cd1c2,0
d111088a-ca7a-4860-89f2-a743984ad90e,0
16ddf36e-0f94-4339-bb31-544d9b7df37c,1
794bf8e0-d0b9-4420-ad7f-e32c299d21c0,0
0490af3d-056d-4e3f-8ade-dd2a1a5f25ca,1
b6cc1a21-4ba1-40c3-b485-f199958f07db,0
b36b97c8-ef4a-4410-80de-4fe3d22f67eb,1
7d3596fe-c366-4c28-bfc9-712e63febbb6,0
b001752a-52aa-4f7a-97fa-7764d2ef5a35,0
8b105a07-5548-457e-bf78-ea1cf2b25f3e,1
16bb9a52-aa0c-4936-aac9-a7428874aede,0
2783df3f-3cc7-40ee-8b31-99407d2702f4,0
5de63e25-1466-40fe-83d1-844b4476fa0e,1
3f716531-afa5-4dba-a08a-677a0d1984fe,1
27656ae3-5e19-48e5-8be4-99b25665cd0c,1
17aecaf3-7b90-4b99-af76-82e3653e6a12,1
407b6774-f402-47e8-926a-336e1fff4c8c,0
f5767b87-cf41-44c7-9370-fa81a6ab69e4,0
c7fbb0bb-b56a-4457-84b7-46b056b5ed4a,1
7a52e4b3-4294-4f08-8dcc-b98c8b2fa273,1
8f26ef64-6c95-43a8-80bf-98459e2c6b68,0
07eee437-ecb8-4c7b-baa2-4b04110ce259,1
dfea6f07-9cfd-4782-9d4e-663f59aa3a93,1
e40c5228-0a96-47fa-be86-f303a26440cc,1
59d9d03d-7817-491b-8fab-9131207dc2fc,0
a3642f08-6748-48f2-9730-57cc5e740c98,0
8730bfb7-138e-49ab-b98c-4d88082a6383,1
98eb2e09-d5b6-47e6-a940-cfdda8d711d2,0
97034724-2297-4ebb-9633-32a526212ae4,0
22dcc01b-caa1-48d8-82f4-dbc12b4e8572,0
771369d4-0461-4a6a-aa87-5b3c5e9c8e35,0
588179af-9bf0-4ebb-a6f0-2f19a5b78e57,0
83817551-e14d-4305-8d6c-0346142b20c9,0
5f5816f1-0ec4-4b41-8b50-ba193d9d7e62,0
865d49c8-c56b-4b35-8887-9a5f39dd2387,1
14edd5f5-8ef4-4fac-8d56-cbbce5f5d757,0
56f7beeb-94dd-4dee-aa76-910675eb6988,1
cc1f9934-c941-4e21-b1bb-d763689a90f2,0
908bda3b-de99-4786-8b98-53c1eb6f1dc9,0
264408bb-9aac-42a0-99f6-8ae9b3ce53c6,1
2a7c50c1-2e76-4ad8-a822-0069cbaf3cb3,0
895084ad-531a-46f5-955d-907b72683cef,0
5bc6dfa4-444e-42b7-b6fe-9f3d9fdc539e,0
5023aa05-bc6e-4044-b2c1-3c1957e81a5a,0
eac53765-8499-48aa-8c3d-f744d1f75e2c,0
1fda8ee3-44a5-47b4-afa5-176332a47705,1
8bf49a7f-37ea-4c25-9b82-200a767be025,0
c3c7c524-75f9-4665-a41a-e1e887a0cd5e,1
ffa24ffd-7b0e-4eb0-a367-f87bedc9e02e,0
dc53ba29-01ef-4a6b-af53-7b66122e8661,0
c9364ed6-8d08-414b-99a0-031592ac71c4,1
21753672-1c39-4300-b866-43a6752c68fb,0
b28491d7-9af0-4688-8c36-b7716eef0c2b,0
315d37d1-733c-4467-a520-f983847ce0f4,0
751a3b40-276e-4b01-ba10-619882e8fd52,0
7561eaef-9235-4830-82c7-f22820b3a507,0
a189b418-98d2-47d5-95b7-c6dfe3169822,0
159896e2-48cb-44d6-b12f-e6d79a7a3296,0
1b8c5892-7d0f-4cd8-95e4-b86a0bfeb876,0
1a311f04-4e0c-4f62-a0c7-377f128e328b,0
aab962fa-e41c-4fb5-b6e3-3a2ebea99bc2,0
2024c904-03f1-45e5-89aa-ba36ec0c7242,1
c6558450-b3a3-4b10-8a0c-0fd171681640,0
96a36b32-3c64-40cb-802e-702cae634710,0
4007228d-d549-4e37-a3b0-767964b637a3,0
a5214eda-19d7-414e-8474-7e8e92ab7a0d,0
3bec9a7a-43aa-4e49-8b78-b8bf468705be,0
2eaabcbc-f841-4e10-a7cd-0477b4635be4,0
72f28d04-73be-4114-a97e-3f400b1a06e6,1
6c52b903-663e-4dcb-8dee-92df6758f3b0,1
466c9684-d53c-43ff-86e3-0f479571e28b,0
8f5dfb36-cbb7-4c2a-b77c-566269da56b4,1
918226c0-0b83-4534-b1e2-a865294fd6ff,0
947e618d-b89f-41b7-9549-b25d4ceb2ffa,0
554cf907-256d-4e80-9ba6-cfacbc77b4d8,0
f2f56b6d-6817-4c3b-b387-891baded05eb,1
2624fd6d-7ed6-4113-9e3c-c9e2127a7b8e,1
e0303e98-063a-4f83-9349-0553639cd16e,0
b5b59978-fe08-4402-b1fb-1b59a7038826,1
6c971053-4266-43b6-87ea-b1cd6cfe44c6,0
b03939a3-655c-4477-9ad3-c06483480f95,0
e2a12570-5c57-4f98-884c-0bd673ed8a84,0
54255c08-a298-41c9-b508-67c93aad48f5,1
e5f51ea6-6dc6-41f3-8dae-4c5724f40c45,0
02124fb4-3494-4fde-8f69-38a38b3c30f2,1
67464101-9c11-4c79-a47c-70a6c8fe8ded,0
be6a170f-1eb3-4ebd-b1d1-3ef945f1b81e,0
c0bd87a3-c8b6-4e4d-8748-5676508c0f5a,0
1b3ec3d6-4d01-4a6e-bd1d-488e8ac16225,1
8574c006-ef0e-424f-bd41-5c6c9dcc8eeb,0
cf643882-47a5-455d-98e5-61270fc4c0aa,1
1b680aff-f692-43de-ad71-34d7eb08d3d1,1
c33b1a00-5888-4c60-877d-30d35f2e83a1,0
a86bcaee-e13f-4697-a087-01b0e5621c89,0
758fe811-67ed-44db-9d44-77d178a36836,0
bd19932a-1755-4c5c-a05b-8d721d49582b,0
9c7737f9-f69a-4475-9f53-c04601c62ab1,1
062b618b-9f4f-4293-807e-2c4c04d701c9,0
a7f3d73d-5c3e-4abb-ad97-5e8cda26288d,0
cc85566d-58bc-47d3-92c3-21c69096d4c4,0
5d97bbcf-c7aa-47ce-88e9-24ea8f2811a9,0
e3eafdc1-d2e1-48ec-a878-87a09d52021a,1
0b9bb7f5-898c-4c41-bf3d-1d20b5c5488e,1
346bd7dc-874d-491e-897c-03184022b2a3,0
3caccc7b-80c1-4fab-9630-7926390bd855,0
5c18a311-d621-46f4-bc8a-104c430ae448,0
db95cb40-3a26-46c2-ae88-32d17d6821ed,0
9a03d90d-1f2e-4cd1-8744-cabf8c9b72d8,0
bdf07c02-d834-42d9-a98b-5598f14ca15e,1
29e03799-2403-4188-bcb4-4cdc49589009,0
70e58222-d19b-485c-963f-ba803eba55f6,0
536c9312-9850-4489-a988-452ed1c67a0d,0
e6d84dc9-dc3c-461e-a635-c3041caa70d1,0
9b982300-ea10-4efa-9d60-85e643a1f654,1
f5ef1e8d-95d5-41b1-8b09-a09274078ca3,0
f065f951-f1a9-464e-9b32-cd5dc7f18c03,0
3fa4bbeb-25c2-404b-b083-bb928b60fbf1,0
efceb7ac-8f34-49d3-a4cb-500f608ff3d3,0
af5134d2-602f-46ee-bddd-c2eae8dd9c1c,1
c5cc1a04-7ce8-4b95-b213-ee32c1092d68,0
94289b03-c6be-43f4-b637-6ab19513a1fa,0
d57f7bdf-679c-43f2-a2a5-043a8c22c719,1
03a048ba-9ec4-46e0-883f-c10ecee64873,0
a3686fbf-d877-4734-a2c9-02025963f6ca,1
84dbf193-a1f1-4f69-8cf5-870d3fe08cd3,0
579fd669-58b0-4491-b4f7-6d51f37a9a9f,0
b97dc620-5afd-48d1-ae0b-bf8686543587,0
c31b9538-a938-4292-a10c-784dac2bdfe5,1
00bd1e8c-6ace-45c7-8424-4ef172b4319f,0
92a5aa75-d44b-42fe-b574-18741dbc85c5,0
e516aef5-4717-4c69-9652-bc17b611b3ad,0
fb6c5f05-4904-465d-93a1-b68a66b7c3bc,0
d2aab67f-96cb-4d46-a7f4-872f2c749e17,0
9c504fcb-f432-4113-965a-58acba33fe65,1
613bb21d-7baa-4b2b-b8f1-0b454a76b731,0
4c57c8de-c4ca-4fe8-9a0d-46082e87ed41,0
cfad0f08-ddc2-4dac-b18d-2e8fc71ac1c3,0
c23635f1-2fb8-4c5a-99dd-527f97e224e5,0
50f375a7-38a5-4530-b89d-7e64dc2aa734,0
a91b4a42-7fe3-4e45-b1f8-d9b9a5eb93c5,0
4adcde65-828a-429b-800b-9af7bc7a5fa7,0
e73ba549-b726-4f5f-86fc-aa5629121c72,0
9bb11d62-648c-432f-99b6-a4f64594c55c,0
bf68abff-ece8-4ce5-ab66-3c4af924f081,1
283ea1ee-0c4a-4888-befa-9c4b7a540e76,0
338faeb4-1114-4714-97cb-d116316b3df9,1
e61a328f-622d-4cd9-8a0f-b818e96b79c9,0
2b280331-faad-460e-a62b-a724369565b0,1
60b64bf7-f578-4663-ba2b-4a74425d4a62,0
f0f8dea1-a6f0-4cac-995f-61e0f942942b,0
17262c06-4461-4553-9920-fd4bb23bc3af,1
2d596137-9ffb-4a28-8eb5-f1a1ceda6445,0
3aa46b50-b684-4f5f-b753-efa7ae742fcc,0
09ea4afe-56b7-41aa-af02-00ebaba89b35,1
d86031aa-c9cd-40ae-ab37-56ed4d689a74,0
c36f2e57-e479-4fe9-83f5-3ed5d95559ba,0
8a86f762-6b8b-46b5-a981-2c3bf259c224,0
60f7ff9f-4291-4d15-89aa-bcd6f76601fb,1
103f4e82-786c-4cea-b764-fecfe4300d9a,1
18025b3d-52a0-4412-a37b-9fe1a0ada352,0
25921709-514e-41d8-85d2-0b3ede4d00c3,0
187cb02c-42a0-4219-9153-5361f6189648,0
991a1aef-bae1-41d5-ab93-75b63846b042,0
52bbace1-f135-4ec9-a153-81928de77f3b,1
0b917932-275e-422b-b8f4-2dba56dc8439,0
b97714cf-ce1e-40cf-bdb6-bfbed0c8f3f8,0
f1f3751d-09eb-454d-9edc-1ca05885728d,1
85d32b6d-c19e-4b5c-b570-eacafc70fb7f,0
f48da964-6623-4207-97cc-4798bbf59455,0
629a11d4-fdab-4206-ae19-a8a189b1d8d4,0
3ee6bb70-3187-4aa9-b1f9-218b14fbaeb4,1
7612cd4c-c45a-45a0-a177-e7ca07474a06,0
de1e69f8-ab7e-4840-a70d-37be2f009535,0
18c61026-89b5-4e3b-9e06-f16616308b2a,0
23d37eef-8611-449e-a502-ae73453db7a9,0
0f168110-3d22-4edc-a896-001ae8de1b15,0
422aeeb3-c41b-4df1-94fa-c88c8e124676,0
d92f7dac-2e46-4e2e-ab05-f25ab8ed8d85,0
ee65a308-e26a-43fb-a4e4-2d4619e601fd,1
1e124cf8-375f-4483-880e-37022251ea43,0
b91d3ef4-5949-40a5-9816-87a975bb44de,0
11c7ca9d-3a4a-4dc3-a11f-e8f9a0c5e6df,1
4c0c70f5-4ca0-4c01-9cf9-216bcd4415b2,0
6f166946-8c41-4e47-8c67-dd3df1a2031a,1
56837079-87bf-4f7c-8011-b8eef58f4a73,0
60d0b3b5-190c-4ed1-a0c4-620af90e24f1,1
adbb3d27-7ae9-47d7-8a4d-17e88600b535,0
f8c185be-ae57-4ca7-9013-2bd63e853d97,0
853ce670-fba0-462c-8377-fbf0e346b405,0
a734c78e-5804-4bbd-b2b1-dfb7e4185b51,1
acedb866-2805-43c6-86db-b7cfe2126ddd,0
4c32384d-0ca4-4e36-9c57-6ae9511e8b35,1
5a713287-6779-4d77-bc3d-3b1aa179c5b8,0
38980d5a-b512-47bd-8790-b3ce13f59e0f,0
780f084a-6b61-45e6-a9f4-0f00c9be8dad,0
e55f9ee5-af8b-4b0b-a672-bba1d89c6730,0
e1aaebb5-2af1-4e0c-ba7f-f651937e19b3,0
57316d3f-e8e7-4f98-85c4-b994db5af475,0
c85ae517-440e-428f-bf9d-12fb9a9ce15d,0
a485d0be-9169-486a-83e0-1172919dee98,0
bc7be328-6d36-41ac-b2a5-ed0fbe9fb563,0
047c20de-0630-4d5f-9477-4cff2c52ac00,1
42d1d29a-13b2-485a-ab5e-fc5bd6d901c1,1
3362924b-c375-4f81-bc35-ad986acd61bd,0
99c43e9d-3a20-470d-a89e-124aab4981c3,0
a9ae7969-0e55-4822-b123-a5554ef485f2,1
8f2114d1-e67d-4bcb-8f49-bedad7c7f361,0
37d652c4-f2e0-4afa-a2ee-f537ca2d011a,1
181a762f-f32a-4d8b-b64a-bc62d6ba1e5e,0
b6738c0b-315f-4878-93fe-77a5f51190b7,1
477702a7-45cb-4554-8f87-bf6ac2fb6ed5,0
6a694458-b385-4446-9a7a-6551aac38148,1
7042d9bc-44fa-4154-bd26-75bbd99aad62,1
14abd2e8-d6b3-4fa1-b3c9-71f233604e4a,1
d59d3b26-983d-4a9e-80db-2120b929afab,1
e2a1afb7-9ecc-455a-98f1-276f46938a9f,0
7febdcc8-12c4-4f9a-88f2-0981f71cc4f2,0
da81fa97-8220-4229-b30f-473d1e562af1,0
25a80b89-e202-4801-bbe4-f580a32de60c,0
0fe009aa-212d-42c7-bf9d-1980b7e9f171,1
2913edda-a1a0-4456-a707-6e155bcdd59b,0
4d24b00a-616a-4730-b3df-b790a81429f4,0
a6b4069a-07cc-4e99-b5d9-e9eb8266897d,0
6702907e-6363-4ea7-a039-578f03c89151,0
84cb8b7e-790a-4d22-85af-af453f03efde,0
45078f96-3914-4fb7-a901-5074a33ab5ad,1
2147cbed-d6e5-4aca-a00b-052f9bb39fa6,0
403030d6-a3c9-412d-867e-983955668d7f,0
769f3521-be4f-49fd-b764-0e196589ea6a,0
19cde3e8-fbb9-4667-8fcb-4e2a333e365b,1
606c44bc-a762-472e-aaae-eee9ee036eeb,1
aa18618f-93f7-4e3e-8f50-0ae727e8063f,0
95d5cc2d-c2e8-41d1-8909-13e9040272c5,0
4c201d22-5402-4b42-bc2c-0b8bd7220d0a,1
54d07095-85af-4501-a1dd-1302ce091972,1
7142452e-87d2-49f6-9cfa-cd373757c817,0
dacaf7c9-9a0c-4bd7-a12c-4352411a460e,0
319d0049-f88f-4d5d-a4b6-6562790ddf24,0
d831363b-3264-4f12-afdb-34ce2cfd1dc3,0
22192105-e0a9-4a1c-938b-bf81704dcc72,0
18f57bb2-a362-4489-a754-17b4ef731f0e,1
525242ac-92b4-4ad9-a49a-adce503330db,0
a09588be-2f22-4fae-b697-f8100a7d3af3,1
79187375-7257-4adc-91e8-28aa09bad53e,0
ef0e0c93-61d0-4d24-b571-24a9ca08573d,0
ba2fadca-592e-49f3-8604-93db1074f2ee,0
1f150f00-1867-4043-8fed-7d0e1f73b5ac,1
f3491c2f-1abe-4fcf-90dd-32d38e8b918d,1
bf3f27e6-8870-461e-b030-378e99c18480,1
f5670aea-f5f0-4d5a-849b-289636deeb1a,0
e8176857-e1d2-47e9-ba3f-352a147c423a,0
55be6205-f60b-493f-b29c-a8e0d5565a77,1
4629a628-f0ad-4ffa-8385-633dd903170f,1
ee6feb71-5789-4682-9157-80582aee7067,0
2303df62-8f79-4368-9fa0-9253ef88b5c9,0
04fdc8d5-08df-4da2-83b2-05de7f1c2626,0
e1334839-096e-4576-b201-7b5e458389a4,0
202ef617-1a32-46b8-bd7c-27cff34d9601,0
e6039722-1053-4a6c-ab5b-ca2e201bd626,0
4a48d917-1e94-459d-bf05-79dd62b85e8e,1
